user_id,MSE
388997369,0.12328
2350966291,0.719238
44524722,0.925018
55862979,0.255966
48134589,0.194961
205530091,0.120439
1925340810,0.478144
20168184,0.393271
22896762,0.298117
