user_id,MSE
388997369,0.68608180460466228
2350966291,0.929230884688098
44524722,0.96292990131280454
55862979,0.98535301811908682
48134589,0.49304887795216701
205530091,0.58164408837865378
1925340810,0.97774285610939982
20168184,0.96425108828288253
22896762,0.98683568705891656
136798620,0.80914374113933629
